<?xml version="1.0" encoding="UTF-8"?>
<project-private xmlns="http://www.netbeans.org/ns/project-private/1">
    <editor-bookmarks xmlns="http://www.netbeans.org/ns/editor-bookmarks/2" lastBookmarkId="0"/>
    <open-files xmlns="http://www.netbeans.org/ns/projectui-open-files/2">
        <group>
            <file>file:/D:/PBO2_2101092078/PBO2_01092078/src/rafi/model/Pengembalian.java</file>
            <file>file:/D:/PBO2_2101092078/PBO2_01092078/src/rafi/model/Peminjaman.java</file>
            <file>file:/D:/PBO2_2101092078/PBO2_01092078/src/rafi/controller/AnggotaController.java</file>
            <file>file:/D:/PBO2_2101092078/PBO2_01092078/src/rafi/dao/PeminjamanDao.java</file>
            <file>file:/D:/PBO2_2101092078/PBO2_01092078/src/rafi/model/Anggota.java</file>
            <file>file:/D:/PBO2_2101092078/PBO2_01092078/src/rafi/model/Buku.java</file>
            <file>file:/D:/PBO2_2101092078/PBO2_01092078/src/rafi/dao/BukuDaoImpl.java</file>
            <file>file:/D:/PBO2_2101092078/PBO2_01092078/src/uts_a/dao/Koneksi.java</file>
            <file>file:/D:/PBO2_2101092078/PBO2_01092078/src/rafi/dao/AnggotaDao.java</file>
            <file>file:/D:/PBO2_2101092078/PBO2_01092078/src/rafi/view/FormAnggota.java</file>
            <file>file:/D:/PBO2_2101092078/PBO2_01092078/src/rafi/controller/PeminjamanController.java</file>
            <file>file:/D:/PBO2_2101092078/PBO2_01092078/src/pbo2_2101092078/PBO2_2101092078.java</file>
            <file>file:/D:/PBO2_2101092078/PBO2_01092078/src/rafi/dao/PeminjamanDaoImpl.java</file>
            <file>file:/D:/PBO2_2101092078/PBO2_01092078/src/rafi/dao/Koneksi.java</file>
            <file>file:/D:/PBO2_2101092078/PBO2_01092078/src/rafi/controller/PengembalianController.java</file>
            <file>file:/D:/PBO2_2101092078/PBO2_01092078/src/rafi/dao/AnggotaDaoImpl.java</file>
            <file>file:/D:/PBO2_2101092078/PBO2_01092078/src/rafi/view/FormPeminjaman.java</file>
            <file>file:/D:/PBO2_2101092078/PBO2_01092078/src/rafi/view/FormPengembalian.java</file>
            <file>file:/D:/PBO2_2101092078/PBO2_01092078/src/uts_a/controller/PlnController.java</file>
            <file>file:/D:/PBO2_2101092078/PBO2_01092078/src/rafi/view/FormBuku.java</file>
            <file>file:/D:/PBO2_2101092078/PBO2_01092078/src/rafi/controller/BukuController.java</file>
            <file>file:/D:/PBO2_2101092078/PBO2_01092078/src/rafi/dao/PengembalianDaoImpl.java</file>
            <file>file:/D:/PBO2_2101092078/PBO2_01092078/src/rafi/dao/BukuDao.java</file>
            <file>file:/D:/PBO2_2101092078/PBO2_01092078/src/rafi/dao/PengembalianDao.java</file>
        </group>
    </open-files>
</project-private>
